start_time,end_time,air_time,title,service_id,service_name,service_logo_l_url
2020-12-11 04:05:00+09:00,2020-12-11 05:00:03+09:00,0 days 00:55:03,ラジオ深夜便_人権インタビュー,r1,ＮＨＫラジオ第1,//www.nhk.or.jp/common/img/media/r1-200x200.png
2020-12-11 05:00:03+09:00,2020-12-11 05:55:00+09:00,0 days 00:54:57,マイあさ！_５時台：ニュース／たより福島／健康「肌トラブル（肌にカビ）」,r1,ＮＨＫラジオ第1,//www.nhk.or.jp/common/img/media/r1-200x200.png
2020-12-11 05:55:00+09:00,2020-12-11 06:00:03+09:00,0 days 00:05:03,天気予報,r1,ＮＨＫラジオ第1,//www.nhk.or.jp/common/img/media/r1-200x200.png
2020-12-11 06:00:03+09:00,2020-12-11 06:25:00+09:00,0 days 00:24:57,マイあさ！_６時台前半：Ｗリポート・ウラジオストク,r1,ＮＨＫラジオ第1,//www.nhk.or.jp/common/img/media/r1-200x200.png
2020-12-11 06:25:00+09:00,2020-12-11 06:30:00+09:00,0 days 00:05:00,ニュース・天気予報・交通情報,r1,ＮＨＫラジオ第1,//www.nhk.or.jp/common/img/media/r1-200x200.png
2020-12-11 06:30:00+09:00,2020-12-11 06:40:00+09:00,0 days 00:10:00,ラジオ体操,r1,ＮＨＫラジオ第1,//www.nhk.or.jp/common/img/media/r1-200x200.png
2020-12-11 06:40:00+09:00,2020-12-11 06:55:00+09:00,0 days 00:15:00,三宅民夫のマイあさ！_６時台後半：マイ！Ｂｉｚ菅政権の「中小企業再編」政策を問う,r1,ＮＨＫラジオ第1,//www.nhk.or.jp/common/img/media/r1-200x200.png
2020-12-11 06:55:00+09:00,2020-12-11 07:00:03+09:00,0 days 00:05:03,天気予報・鉄道情報・交通情報,r1,ＮＨＫラジオ第1,//www.nhk.or.jp/common/img/media/r1-200x200.png
2020-12-11 07:00:03+09:00,2020-12-11 07:20:00+09:00,0 days 00:19:57,三宅民夫のマイあさ！__ＮＨＫけさのニュース,r1,ＮＨＫラジオ第1,//www.nhk.or.jp/common/img/media/r1-200x200.png
2020-12-11 07:20:00+09:00,2020-12-11 07:25:00+09:00,0 days 00:05:00,ニュース・天気予報,r1,ＮＨＫラジオ第1,//www.nhk.or.jp/common/img/media/r1-200x200.png
2020-12-11 07:25:00+09:00,2020-12-11 07:40:00+09:00,0 days 00:15:00,三宅民夫のマイあさ！_７時台：真剣勝負！「英ＥＵ貿易交渉」,r1,ＮＨＫラジオ第1,//www.nhk.or.jp/common/img/media/r1-200x200.png
2020-12-11 07:40:00+09:00,2020-12-11 07:50:00+09:00,0 days 00:10:00,三宅民夫のマイあさ！,r1,ＮＨＫラジオ第1,//www.nhk.or.jp/common/img/media/r1-200x200.png
2020-12-11 07:50:00+09:00,2020-12-11 07:58:00+09:00,0 days 00:08:00,ニュース・天気予報ほか,r1,ＮＨＫラジオ第1,//www.nhk.or.jp/common/img/media/r1-200x200.png
2020-12-11 07:58:00+09:00,2020-12-11 08:00:03+09:00,0 days 00:02:03,朝の音楽,r1,ＮＨＫラジオ第1,//www.nhk.or.jp/common/img/media/r1-200x200.png
2020-12-11 08:00:03+09:00,2020-12-11 08:28:00+09:00,0 days 00:27:57,三宅民夫のマイあさ！_８時台：ワールドアイ・マレーシア／コロナ最新情報・濱田篤郎,r1,ＮＨＫラジオ第1,//www.nhk.or.jp/common/img/media/r1-200x200.png
2020-12-11 08:30:00+09:00,2020-12-11 08:55:00+09:00,0 days 00:25:00,らじるラボ_８時台_オープニング「阿佐ヶ谷姉妹のお困りでしたら」,r1,ＮＨＫラジオ第1,//www.nhk.or.jp/common/img/media/r1-200x200.png
2020-12-11 08:55:00+09:00,2020-12-11 09:00:03+09:00,0 days 00:05:03,全国の天気・全国交通情報,r1,ＮＨＫラジオ第1,//www.nhk.or.jp/common/img/media/r1-200x200.png
2020-12-11 09:00:03+09:00,2020-12-11 09:05:00+09:00,0 days 00:04:57,ニュース,r1,ＮＨＫラジオ第1,//www.nhk.or.jp/common/img/media/r1-200x200.png
2020-12-11 09:05:00+09:00,2020-12-11 09:55:00+09:00,0 days 00:50:00,らじるラボ_９時台「青春エア・チェケラー」,r1,ＮＨＫラジオ第1,//www.nhk.or.jp/common/img/media/r1-200x200.png
2020-12-11 10:05:00+09:00,2020-12-11 10:55:00+09:00,0 days 00:50:00,らじるラボ_１０時台「ベイビー・ブーが歌ってみた」「らじる文庫」,r1,ＮＨＫラジオ第1,//www.nhk.or.jp/common/img/media/r1-200x200.png
2020-12-11 10:55:00+09:00,2020-12-11 11:00:03+09:00,0 days 00:05:03,らじるの時間,r1,ＮＨＫラジオ第1,//www.nhk.or.jp/common/img/media/r1-200x200.png
2020-12-11 11:05:00+09:00,2020-12-11 11:50:00+09:00,0 days 00:45:00,らじるラボ_１１時台「おとラボ」,r1,ＮＨＫラジオ第1,//www.nhk.or.jp/common/img/media/r1-200x200.png
2020-12-11 11:50:00+09:00,2020-12-11 12:00:03+09:00,0 days 00:10:03,天気予報・交通情報,r1,ＮＨＫラジオ第1,//www.nhk.or.jp/common/img/media/r1-200x200.png
2020-12-11 12:20:00+09:00,2020-12-11 12:30:00+09:00,0 days 00:10:00,ひるのいこい,r1,ＮＨＫラジオ第1,//www.nhk.or.jp/common/img/media/r1-200x200.png
2020-12-11 12:30:00+09:00,2020-12-11 12:55:00+09:00,0 days 00:25:00,武内陶子のごごカフェ「０時台_ミュージックカフェ／ノンジャンル」,r1,ＮＨＫラジオ第1,//www.nhk.or.jp/common/img/media/r1-200x200.png
2020-12-11 12:55:00+09:00,2020-12-11 13:00:03+09:00,0 days 00:05:03,安心ラジオ「コロナ禍の遺児の現状は」,r1,ＮＨＫラジオ第1,//www.nhk.or.jp/common/img/media/r1-200x200.png
2020-12-11 13:05:00+09:00,2020-12-11 13:55:00+09:00,0 days 00:50:00,武内陶子のごごカフェ「１時台_ミュージックカフェ／ノンジャンル」,r1,ＮＨＫラジオ第1,//www.nhk.or.jp/common/img/media/r1-200x200.png
2020-12-11 14:05:00+09:00,2020-12-11 14:55:00+09:00,0 days 00:50:00,武内陶子のごごカフェ「２時台_スペシャル／奄美シマ唄の魅力に迫る」,r1,ＮＨＫラジオ第1,//www.nhk.or.jp/common/img/media/r1-200x200.png
2020-12-11 15:10:00+09:00,2020-12-11 15:55:00+09:00,0 days 00:45:00,武内陶子のごごカフェ「３時台_スペシャル／奄美シマ唄の魅力に迫る」,r1,ＮＨＫラジオ第1,//www.nhk.or.jp/common/img/media/r1-200x200.png
2020-12-11 16:05:00+09:00,2020-12-11 16:55:00+09:00,0 days 00:50:00,岸谷香_Ｕｎｌｏｃｋ_ｔｈｅ_ｈｅａｒｔ__第８２回,r1,ＮＨＫラジオ第1,//www.nhk.or.jp/common/img/media/r1-200x200.png
2020-12-11 17:05:00+09:00,2020-12-11 17:55:00+09:00,0 days 00:50:00,にっぽん列島夕方ラジオ_こでらんに５,r1,ＮＨＫラジオ第1,//www.nhk.or.jp/common/img/media/r1-200x200.png
2020-12-11 18:00:03+09:00,2020-12-11 18:50:00+09:00,0 days 00:49:57,Ｎらじ_ニュースのしゃべり場_畠山智之_黒崎瞳,r1,ＮＨＫラジオ第1,//www.nhk.or.jp/common/img/media/r1-200x200.png
2020-12-11 19:00:03+09:00,2020-12-11 19:30:00+09:00,0 days 00:29:57,Ｎらじ_きょうのニュース,r1,ＮＨＫラジオ第1,//www.nhk.or.jp/common/img/media/r1-200x200.png
2020-12-11 19:30:00+09:00,2020-12-11 19:55:00+09:00,0 days 00:25:00,Ｎらじ_きょうのニュースぷらす_野村正育_黒崎瞳,r1,ＮＨＫラジオ第1,//www.nhk.or.jp/common/img/media/r1-200x200.png
2020-12-11 20:05:00+09:00,2020-12-11 20:55:00+09:00,0 days 00:50:00,増田明美のキキスギ？「逆境でこそポジティブに！_演出家_宮本亞門さん」,r1,ＮＨＫラジオ第1,//www.nhk.or.jp/common/img/media/r1-200x200.png
2020-12-11 21:05:00+09:00,2020-12-11 21:55:00+09:00,0 days 00:50:00,高橋源一郎の飛ぶ教室「友として寄り添う」,r1,ＮＨＫラジオ第1,//www.nhk.or.jp/common/img/media/r1-200x200.png
2020-12-11 21:55:00+09:00,2020-12-11 22:00:03+09:00,0 days 00:05:03,ニュース・天気予報・海上気象・交通情報,r1,ＮＨＫラジオ第1,//www.nhk.or.jp/common/img/media/r1-200x200.png
2020-12-11 22:00:03+09:00,2020-12-11 22:55:00+09:00,0 days 00:54:57,ＮＨＫジャーナル,r1,ＮＨＫラジオ第1,//www.nhk.or.jp/common/img/media/r1-200x200.png
2020-12-11 23:05:00+09:00,2020-12-12 00:00:03+09:00,0 days 00:55:03,関西発ラジオ深夜便_日本列島くらしのたより,r1,ＮＨＫラジオ第1,//www.nhk.or.jp/common/img/media/r1-200x200.png
2020-12-12 00:10:00+09:00,2020-12-12 01:00:03+09:00,0 days 00:50:03,関西発ラジオ深夜便_アジアリポート,r1,ＮＨＫラジオ第1,//www.nhk.or.jp/common/img/media/r1-200x200.png
2020-12-12 01:05:00+09:00,2020-12-12 02:00:03+09:00,0 days 00:55:03,関西発ラジオ深夜便_人ありて、街は生き・アンコール,r1,ＮＨＫラジオ第1,//www.nhk.or.jp/common/img/media/r1-200x200.png
2020-12-12 02:05:00+09:00,2020-12-12 03:00:03+09:00,0 days 00:55:03,関西発ラジオ深夜便_ロマンチックコンサート,r1,ＮＨＫラジオ第1,//www.nhk.or.jp/common/img/media/r1-200x200.png
2020-12-12 03:05:00+09:00,2020-12-12 04:00:03+09:00,0 days 00:55:03,関西発ラジオ深夜便_にっぽんの歌こころの歌,r1,ＮＨＫラジオ第1,//www.nhk.or.jp/common/img/media/r1-200x200.png
2020-12-12 04:05:00+09:00,2020-12-12 05:00:03+09:00,0 days 00:55:03,関西発ラジオ深夜便_明日へのことば,r1,ＮＨＫラジオ第1,//www.nhk.or.jp/common/img/media/r1-200x200.png
2020-12-11 06:00:03+09:00,2020-12-11 06:15:00+09:00,0 days 00:14:57,基礎英語１（１５０）,r2,ＮＨＫラジオ第2,//www.nhk.or.jp/common/img/media/r2-200x200.png
2020-12-11 06:15:00+09:00,2020-12-11 06:30:00+09:00,0 days 00:15:00,基礎英語２_Ｒｅｖｉｅｗ（３０）,r2,ＮＨＫラジオ第2,//www.nhk.or.jp/common/img/media/r2-200x200.png
2020-12-11 06:30:00+09:00,2020-12-11 06:45:00+09:00,0 days 00:15:00,基礎英語３（１５０）,r2,ＮＨＫラジオ第2,//www.nhk.or.jp/common/img/media/r2-200x200.png
2020-12-11 06:45:00+09:00,2020-12-11 07:00:03+09:00,0 days 00:15:03,ラジオ英会話～ハートでつかめ！英語の極意～（１７０）,r2,ＮＨＫラジオ第2,//www.nhk.or.jp/common/img/media/r2-200x200.png
2020-12-11 07:00:03+09:00,2020-12-11 07:15:00+09:00,0 days 00:14:57,まいにちドイツ語_応用編_翻訳に挑戦しましょう（２０）,r2,ＮＨＫラジオ第2,//www.nhk.or.jp/common/img/media/r2-200x200.png
2020-12-11 07:15:00+09:00,2020-12-11 07:30:00+09:00,0 days 00:15:00,まいにちスペイン語_中級編_昔話の世界へようこそ（２０）,r2,ＮＨＫラジオ第2,//www.nhk.or.jp/common/img/media/r2-200x200.png
2020-12-11 07:30:00+09:00,2020-12-11 07:45:00+09:00,0 days 00:15:00,まいにちフランス語_応用編_Ｊｕｌｉｅのニッポン発見（２０）,r2,ＮＨＫラジオ第2,//www.nhk.or.jp/common/img/media/r2-200x200.png
2020-12-11 07:45:00+09:00,2020-12-11 08:00:03+09:00,0 days 00:15:03,まいにちイタリア語_応用編_ニュースで鍛えるリスニング（２０）,r2,ＮＨＫラジオ第2,//www.nhk.or.jp/common/img/media/r2-200x200.png
2020-12-11 08:00:03+09:00,2020-12-11 08:15:00+09:00,0 days 00:14:57,まいにちハングル講座_しっかり学ぼう！本格派ハングル（１１０）,r2,ＮＨＫラジオ第2,//www.nhk.or.jp/common/img/media/r2-200x200.png
2020-12-11 08:15:00+09:00,2020-12-11 08:30:00+09:00,0 days 00:15:00,まいにち中国語_使える、伝わる中国語（１１０）,r2,ＮＨＫラジオ第2,//www.nhk.or.jp/common/img/media/r2-200x200.png
2020-12-11 08:30:00+09:00,2020-12-11 08:40:00+09:00,0 days 00:10:00,英会話タイムトライアル「１２月ＤＡＹ１０」,r2,ＮＨＫラジオ第2,//www.nhk.or.jp/common/img/media/r2-200x200.png
2020-12-11 08:50:00+09:00,2020-12-11 09:05:00+09:00,0 days 00:15:00,まいにちロシア語_応用編_朗読に挑戦！～ロシア人が見た日本（２０）,r2,ＮＨＫラジオ第2,//www.nhk.or.jp/common/img/media/r2-200x200.png
2020-12-11 09:05:00+09:00,2020-12-11 09:10:00+09:00,0 days 00:05:00,ボキャブライダー（７６４）,r2,ＮＨＫラジオ第2,//www.nhk.or.jp/common/img/media/r2-200x200.png
2020-12-11 09:10:00+09:00,2020-12-11 09:15:00+09:00,0 days 00:05:00,エンジョイ・シンプル・イングリッシュ「檸檬（れもん）／第２話」,r2,ＮＨＫラジオ第2,//www.nhk.or.jp/common/img/media/r2-200x200.png
2020-12-11 09:15:00+09:00,2020-12-11 09:30:00+09:00,0 days 00:15:00,実践ビジネス英語_Ｌｅｓｓｏｎ１５「中年の危機」（６）,r2,ＮＨＫラジオ第2,//www.nhk.or.jp/common/img/media/r2-200x200.png
2020-12-11 09:30:00+09:00,2020-12-11 09:45:00+09:00,0 days 00:15:00,おしゃべりな古典教室「和泉式部」（２）,r2,ＮＨＫラジオ第2,//www.nhk.or.jp/common/img/media/r2-200x200.png
2020-12-11 09:45:00+09:00,2020-12-11 10:00:03+09:00,0 days 00:15:03,朗読_三四郎（４５）,r2,ＮＨＫラジオ第2,//www.nhk.or.jp/common/img/media/r2-200x200.png
2020-12-11 10:00:03+09:00,2020-12-11 10:30:00+09:00,0 days 00:29:57,カルチャーラジオ_科学と人間「睡眠と体内時計の謎に迫る」（９）,r2,ＮＨＫラジオ第2,//www.nhk.or.jp/common/img/media/r2-200x200.png
2020-12-11 10:30:00+09:00,2020-12-11 10:45:00+09:00,0 days 00:15:00,ステップアップ中国語_共に生きる“くらし”の会話（２０）,r2,ＮＨＫラジオ第2,//www.nhk.or.jp/common/img/media/r2-200x200.png
2020-12-11 11:00:03+09:00,2020-12-11 11:15:00+09:00,0 days 00:14:57,まいにちフランス語_応用編_Ｊｕｌｉｅのニッポン発見（１８）,r2,ＮＨＫラジオ第2,//www.nhk.or.jp/common/img/media/r2-200x200.png
2020-12-11 11:15:00+09:00,2020-12-11 11:30:00+09:00,0 days 00:15:00,まいにちイタリア語_応用編_ニュースで鍛えるリスニング（１８）,r2,ＮＨＫラジオ第2,//www.nhk.or.jp/common/img/media/r2-200x200.png
2020-12-11 11:30:00+09:00,2020-12-11 11:45:00+09:00,0 days 00:15:00,まいにちドイツ語_応用編_翻訳に挑戦しましょう（１８）,r2,ＮＨＫラジオ第2,//www.nhk.or.jp/common/img/media/r2-200x200.png
2020-12-11 11:45:00+09:00,2020-12-11 12:00:03+09:00,0 days 00:15:03,まいにちスペイン語_中級編_昔話の世界へようこそ（１８）,r2,ＮＨＫラジオ第2,//www.nhk.or.jp/common/img/media/r2-200x200.png
2020-12-11 12:10:00+09:00,2020-12-11 12:15:00+09:00,0 days 00:05:00,みんなのうた「エトはメリーゴーランド」「見えない羽根」,r2,ＮＨＫラジオ第2,//www.nhk.or.jp/common/img/media/r2-200x200.png
2020-12-11 12:55:00+09:00,2020-12-11 13:00:03+09:00,0 days 00:05:03,世界へ発信！ニュースで英語術_＃１６０_イスラエルとＵＡＥ間に初の定期便,r2,ＮＨＫラジオ第2,//www.nhk.or.jp/common/img/media/r2-200x200.png
2020-12-11 13:00:03+09:00,2020-12-11 13:15:00+09:00,0 days 00:14:57,中国語ニュース,r2,ＮＨＫラジオ第2,//www.nhk.or.jp/common/img/media/r2-200x200.png
2020-12-11 13:15:00+09:00,2020-12-11 13:30:00+09:00,0 days 00:15:00,ハングルニュース,r2,ＮＨＫラジオ第2,//www.nhk.or.jp/common/img/media/r2-200x200.png
2020-12-11 13:30:00+09:00,2020-12-11 13:45:00+09:00,0 days 00:15:00,英語ニュース,r2,ＮＨＫラジオ第2,//www.nhk.or.jp/common/img/media/r2-200x200.png
2020-12-11 13:45:00+09:00,2020-12-11 14:00:03+09:00,0 days 00:15:03,Ｐｌｕｇ－ｉｎ_Ｊａｐａｎ,r2,ＮＨＫラジオ第2,//www.nhk.or.jp/common/img/media/r2-200x200.png
2020-12-11 14:00:03+09:00,2020-12-11 14:10:00+09:00,0 days 00:09:57,スペイン語ニュース,r2,ＮＨＫラジオ第2,//www.nhk.or.jp/common/img/media/r2-200x200.png
2020-12-11 14:10:00+09:00,2020-12-11 14:20:00+09:00,0 days 00:10:00,ロシア語ニュース,r2,ＮＨＫラジオ第2,//www.nhk.or.jp/common/img/media/r2-200x200.png
2020-12-11 14:20:00+09:00,2020-12-11 14:25:00+09:00,0 days 00:05:00,音の風景「湯けむりに響く“湯かむり唄”～鳥取～」,r2,ＮＨＫラジオ第2,//www.nhk.or.jp/common/img/media/r2-200x200.png
2020-12-11 15:10:00+09:00,2020-12-11 15:15:00+09:00,0 days 00:05:00,みんなのうた「四つ角のメロディー」「地球はみんなの大合唱」,r2,ＮＨＫラジオ第2,//www.nhk.or.jp/common/img/media/r2-200x200.png
2020-12-11 15:30:00+09:00,2020-12-11 15:45:00+09:00,0 days 00:15:00,まいにちロシア語_応用編_朗読に挑戦！～ロシア人が見た日本（１８）,r2,ＮＨＫラジオ第2,//www.nhk.or.jp/common/img/media/r2-200x200.png
2020-12-11 15:45:00+09:00,2020-12-11 16:00:03+09:00,0 days 00:15:03,高校生からはじめる「現代英語」「Ｌｅｓｓｏｎ２１_Ｐａｒｔ２」,r2,ＮＨＫラジオ第2,//www.nhk.or.jp/common/img/media/r2-200x200.png
2020-12-11 16:00:03+09:00,2020-12-11 16:20:00+09:00,0 days 00:19:57,気象通報,r2,ＮＨＫラジオ第2,//www.nhk.or.jp/common/img/media/r2-200x200.png
2020-12-11 17:00:03+09:00,2020-12-11 18:00:03+09:00,0 days 01:00:00,株式市況,r2,ＮＨＫラジオ第2,//www.nhk.or.jp/common/img/media/r2-200x200.png
2020-12-11 18:00:03+09:00,2020-12-11 18:10:00+09:00,0 days 00:09:57,ポルトガル語ニュース,r2,ＮＨＫラジオ第2,//www.nhk.or.jp/common/img/media/r2-200x200.png
2020-12-11 18:35:00+09:00,2020-12-11 18:45:00+09:00,0 days 00:10:00,基礎英語０（１０２）,r2,ＮＨＫラジオ第2,//www.nhk.or.jp/common/img/media/r2-200x200.png
2020-12-11 19:30:00+09:00,2020-12-11 19:50:00+09:00,0 days 00:20:00,ＮＨＫ高校講座_古典「源氏物語（５）若紫（２）」,r2,ＮＨＫラジオ第2,//www.nhk.or.jp/common/img/media/r2-200x200.png
2020-12-11 19:50:00+09:00,2020-12-11 20:10:00+09:00,0 days 00:20:00,ＮＨＫ高校講座_倫理「本来の自己を求めて」,r2,ＮＨＫラジオ第2,//www.nhk.or.jp/common/img/media/r2-200x200.png
2020-12-11 20:10:00+09:00,2020-12-11 20:30:00+09:00,0 days 00:20:00,ＮＨＫ高校講座_国語総合「沖縄の手記から」（１）,r2,ＮＨＫラジオ第2,//www.nhk.or.jp/common/img/media/r2-200x200.png
2020-12-11 20:30:00+09:00,2020-12-11 21:00:03+09:00,0 days 00:30:03,カルチャーラジオ_科学と人間「睡眠と体内時計の謎に迫る」（１０）,r2,ＮＨＫラジオ第2,//www.nhk.or.jp/common/img/media/r2-200x200.png
2020-12-11 22:00:03+09:00,2020-12-11 22:15:00+09:00,0 days 00:14:57,高校生からはじめる「現代英語」「Ｌｅｓｓｏｎ２２_Ｐａｒｔ２」,r2,ＮＨＫラジオ第2,//www.nhk.or.jp/common/img/media/r2-200x200.png
2020-12-11 22:30:00+09:00,2020-12-11 22:40:00+09:00,0 days 00:10:00,ベトナム語ニュース,r2,ＮＨＫラジオ第2,//www.nhk.or.jp/common/img/media/r2-200x200.png
2020-12-11 22:40:00+09:00,2020-12-11 22:50:00+09:00,0 days 00:10:00,インドネシア語ニュース,r2,ＮＨＫラジオ第2,//www.nhk.or.jp/common/img/media/r2-200x200.png
2020-12-11 22:50:00+09:00,2020-12-11 23:00:03+09:00,0 days 00:10:03,タイ語ニュース,r2,ＮＨＫラジオ第2,//www.nhk.or.jp/common/img/media/r2-200x200.png
2020-12-11 23:40:00+09:00,2020-12-12 00:00:03+09:00,0 days 00:20:03,ＮＨＫ高校講座_古典「方丈記（１）ゆく川の流れ」,r2,ＮＨＫラジオ第2,//www.nhk.or.jp/common/img/media/r2-200x200.png
2020-12-12 00:00:03+09:00,2020-12-12 00:20:00+09:00,0 days 00:19:57,ＮＨＫ高校講座_倫理「ヘレニズム時代の思想」,r2,ＮＨＫラジオ第2,//www.nhk.or.jp/common/img/media/r2-200x200.png
2020-12-12 00:20:00+09:00,2020-12-12 00:40:05+09:00,0 days 00:20:05,ＮＨＫ高校講座_国語総合「守株」,r2,ＮＨＫラジオ第2,//www.nhk.or.jp/common/img/media/r2-200x200.png
2020-12-11 05:00:03+09:00,2020-12-11 05:20:00+09:00,0 days 00:19:57,弾き語りフォーユー,r3,ＮＨＫＦＭ,//www.nhk.or.jp/common/img/media/fm-200x200.png
2020-12-11 05:20:00+09:00,2020-12-11 05:50:00+09:00,0 days 00:30:00,民謡をたずねて__滋賀県米原市（１）,r3,ＮＨＫＦＭ,//www.nhk.or.jp/common/img/media/fm-200x200.png
2020-12-11 05:50:00+09:00,2020-12-11 05:55:00+09:00,0 days 00:05:00,名曲の小箱「イマジン」,r3,ＮＨＫＦＭ,//www.nhk.or.jp/common/img/media/fm-200x200.png
2020-12-11 06:00:03+09:00,2020-12-11 06:55:00+09:00,0 days 00:54:57,古楽の楽しみ__ヘンデルの「メサイア」（４）,r3,ＮＨＫＦＭ,//www.nhk.or.jp/common/img/media/fm-200x200.png
2020-12-11 07:25:00+09:00,2020-12-11 09:15:00+09:00,0 days 01:50:00,クラシックカフェ__ベートーベン特集（１３）,r3,ＮＨＫＦＭ,//www.nhk.or.jp/common/img/media/fm-200x200.png
2020-12-11 09:15:00+09:00,2020-12-11 09:20:00+09:00,0 days 00:05:00,音の風景「世界を巡る旅_新幹線に乗って～台湾～」,r3,ＮＨＫＦＭ,//www.nhk.or.jp/common/img/media/fm-200x200.png
2020-12-11 09:20:00+09:00,2020-12-11 09:55:00+09:00,0 days 00:35:00,リサイタル・パッシオ__林佑子（ソプラノ）,r3,ＮＨＫＦＭ,//www.nhk.or.jp/common/img/media/fm-200x200.png
2020-12-11 09:55:00+09:00,2020-12-11 10:00:03+09:00,0 days 00:05:03,名曲の小箱「サウンド・オブ・ミュージックから」,r3,ＮＨＫＦＭ,//www.nhk.or.jp/common/img/media/fm-200x200.png
2020-12-11 10:50:00+09:00,2020-12-11 10:55:00+09:00,0 days 00:05:00,５分でミュージックライン,r3,ＮＨＫＦＭ,//www.nhk.or.jp/common/img/media/fm-200x200.png
2020-12-11 11:00:03+09:00,2020-12-11 11:50:00+09:00,0 days 00:49:57,カブキ・チューン__ゲスト：神田伯山（講談師）,r3,ＮＨＫＦＭ,//www.nhk.or.jp/common/img/media/fm-200x200.png
2020-12-11 12:30:00+09:00,2020-12-11 14:00:03+09:00,0 days 01:30:03,歌謡スクランブル_冬色コレクション（５）__木村カエラ,r3,ＮＨＫＦＭ,//www.nhk.or.jp/common/img/media/fm-200x200.png
2020-12-11 14:00:03+09:00,2020-12-11 18:00:03+09:00,0 days 04:00:00,オペラ・ファンタスティカ__ウィーン国立歌劇場公演_歌劇「レオノーレ」,r3,ＮＨＫＦＭ,//www.nhk.or.jp/common/img/media/fm-200x200.png
2020-12-11 18:00:03+09:00,2020-12-11 18:50:00+09:00,0 days 00:49:57,夜のプレイリスト「はっぴいえんど」「風街ろまん」はっぴいえんど,r3,ＮＨＫＦＭ,//www.nhk.or.jp/common/img/media/fm-200x200.png
2020-12-11 19:00:03+09:00,2020-12-11 21:10:00+09:00,0 days 02:09:57,ベストオブクラシック_東京芸術劇場公演__Ｎ響演奏会_指揮：秋山和慶,r3,ＮＨＫＦＭ,//www.nhk.or.jp/common/img/media/fm-200x200.png
2020-12-11 21:10:00+09:00,2020-12-11 21:15:00+09:00,0 days 00:05:00,みんなのうた「ぼくはおもちゃ」「愛ｗ君（アイダブリュー）」,r3,ＮＨＫＦＭ,//www.nhk.or.jp/common/img/media/fm-200x200.png
2020-12-11 21:15:00+09:00,2020-12-11 21:30:00+09:00,0 days 00:15:00,青春アドベンチャー_選「クリスマス・キャロル」_［終］（５）,r3,ＮＨＫＦＭ,//www.nhk.or.jp/common/img/media/fm-200x200.png
2020-12-11 21:30:00+09:00,2020-12-11 23:00:03+09:00,0 days 01:30:03,ミュージックライン【ゲスト】ポルカドットスティングレイ,r3,ＮＨＫＦＭ,//www.nhk.or.jp/common/img/media/fm-200x200.png
2020-12-11 23:00:03+09:00,2020-12-11 23:50:00+09:00,0 days 00:49:57,岸谷香_Ｕｎｌｏｃｋ_ｔｈｅ_ｈｅａｒｔ__第８３回,r3,ＮＨＫＦＭ,//www.nhk.or.jp/common/img/media/fm-200x200.png
2020-12-11 23:50:00+09:00,2020-12-11 23:55:00+09:00,0 days 00:05:00,エターナル_ナンバーズ２０２０夏__＃１１_オーバー・ザ・レインボー,r3,ＮＨＫＦＭ,//www.nhk.or.jp/common/img/media/fm-200x200.png
2020-12-12 00:00:03+09:00,2020-12-12 00:50:00+09:00,0 days 00:49:57,夜のプレイリスト,r3,ＮＨＫＦＭ,//www.nhk.or.jp/common/img/media/fm-200x200.png
2020-12-12 00:50:00+09:00,2020-12-12 01:00:03+09:00,0 days 00:10:03,名曲スケッチ「ディヴェルティメント_Ｋ．１３６」,r3,ＮＨＫＦＭ,//www.nhk.or.jp/common/img/media/fm-200x200.png
2020-12-12 04:05:00+09:00,2020-12-12 05:00:03+09:00,0 days 00:55:03,関西発ラジオ深夜便_明日へのことば,r1,ＮＨＫラジオ第1,//www.nhk.or.jp/common/img/media/r1-200x200.png
2020-12-12 05:00:03+09:00,2020-12-12 05:55:00+09:00,0 days 00:54:57,マイあさ！_土曜５時台：ニュース／たより新潟＆中国／いきもの今泉忠明,r1,ＮＨＫラジオ第1,//www.nhk.or.jp/common/img/media/r1-200x200.png
2020-12-12 05:55:00+09:00,2020-12-12 06:00:03+09:00,0 days 00:05:03,天気予報,r1,ＮＨＫラジオ第1,//www.nhk.or.jp/common/img/media/r1-200x200.png
2020-12-12 06:00:03+09:00,2020-12-12 06:25:00+09:00,0 days 00:24:57,マイあさ！_土曜６時台前半：ニュース／２０世紀ポップ・時間特集／何の日,r1,ＮＨＫラジオ第1,//www.nhk.or.jp/common/img/media/r1-200x200.png
2020-12-12 06:25:00+09:00,2020-12-12 06:30:00+09:00,0 days 00:05:00,ニュース・天気予報・交通情報,r1,ＮＨＫラジオ第1,//www.nhk.or.jp/common/img/media/r1-200x200.png
2020-12-12 06:30:00+09:00,2020-12-12 06:40:00+09:00,0 days 00:10:00,ラジオ体操,r1,ＮＨＫラジオ第1,//www.nhk.or.jp/common/img/media/r1-200x200.png
2020-12-12 06:40:00+09:00,2020-12-12 06:55:00+09:00,0 days 00:15:00,マイあさ！_土曜６時台後半：エッセー「７か月ぶりのツアー再開」ｃｏｂａ,r1,ＮＨＫラジオ第1,//www.nhk.or.jp/common/img/media/r1-200x200.png
2020-12-12 06:55:00+09:00,2020-12-12 07:00:03+09:00,0 days 00:05:03,天気予報・鉄道情報・交通情報,r1,ＮＨＫラジオ第1,//www.nhk.or.jp/common/img/media/r1-200x200.png
2020-12-12 07:00:03+09:00,2020-12-12 07:15:00+09:00,0 days 00:14:57,マイあさ！__ＮＨＫけさのニュース,r1,ＮＨＫラジオ第1,//www.nhk.or.jp/common/img/media/r1-200x200.png
2020-12-12 07:15:00+09:00,2020-12-12 07:20:00+09:00,0 days 00:05:00,ニュース・天気予報,r1,ＮＨＫラジオ第1,//www.nhk.or.jp/common/img/media/r1-200x200.png
2020-12-12 07:20:00+09:00,2020-12-12 07:40:00+09:00,0 days 00:20:00,マイあさ！_土曜７時台：Ｊリーグ昇格争／神社さんぽ「初詣」／シネマ指定席,r1,ＮＨＫラジオ第1,//www.nhk.or.jp/common/img/media/r1-200x200.png
2020-12-12 07:40:00+09:00,2020-12-12 07:50:00+09:00,0 days 00:10:00,マイあさ！,r1,ＮＨＫラジオ第1,//www.nhk.or.jp/common/img/media/r1-200x200.png
2020-12-12 07:50:00+09:00,2020-12-12 08:00:03+09:00,0 days 00:10:03,ニュース・天気予報・交通情報ほか,r1,ＮＨＫラジオ第1,//www.nhk.or.jp/common/img/media/r1-200x200.png
2020-12-12 08:00:03+09:00,2020-12-12 08:05:00+09:00,0 days 00:04:57,ニュース,r1,ＮＨＫラジオ第1,//www.nhk.or.jp/common/img/media/r1-200x200.png
2020-12-12 08:05:00+09:00,2020-12-12 08:55:00+09:00,0 days 00:50:00,石丸謙二郎の山カフェ「雪山にライチョウを追って」８時台,r1,ＮＨＫラジオ第1,//www.nhk.or.jp/common/img/media/r1-200x200.png
2020-12-12 08:55:00+09:00,2020-12-12 09:00:03+09:00,0 days 00:05:03,全国の天気・全国交通情報,r1,ＮＨＫラジオ第1,//www.nhk.or.jp/common/img/media/r1-200x200.png
2020-12-12 09:05:00+09:00,2020-12-12 09:55:00+09:00,0 days 00:50:00,石丸謙二郎の山カフェ「雪山にライチョウを追って」９時台,r1,ＮＨＫラジオ第1,//www.nhk.or.jp/common/img/media/r1-200x200.png
2020-12-12 10:05:00+09:00,2020-12-12 10:55:00+09:00,0 days 00:50:00,真打ち競演「岡山県里庄町」（２）,r1,ＮＨＫラジオ第1,//www.nhk.or.jp/common/img/media/r1-200x200.png
2020-12-12 10:55:00+09:00,2020-12-12 11:00:03+09:00,0 days 00:05:03,らじるの時間,r1,ＮＨＫラジオ第1,//www.nhk.or.jp/common/img/media/r1-200x200.png
2020-12-12 11:05:00+09:00,2020-12-12 11:50:00+09:00,0 days 00:45:00,文芸選評_短歌_テーマ「文房具」,r1,ＮＨＫラジオ第1,//www.nhk.or.jp/common/img/media/r1-200x200.png
2020-12-12 11:50:00+09:00,2020-12-12 12:00:03+09:00,0 days 00:10:03,天気予報・交通情報,r1,ＮＨＫラジオ第1,//www.nhk.or.jp/common/img/media/r1-200x200.png
2020-12-12 12:15:00+09:00,2020-12-12 12:30:00+09:00,0 days 00:15:00,ひるのいこい,r1,ＮＨＫラジオ第1,//www.nhk.or.jp/common/img/media/r1-200x200.png
2020-12-12 12:30:00+09:00,2020-12-12 12:55:00+09:00,0 days 00:25:00,歌え！土曜日_Ｌｏｖｅ_Ｈｉｔｓ_第２２５回_羊文学、Ｂｒｉａｎ_ｔｈｅ_Ｓｕｎ,r1,ＮＨＫラジオ第1,//www.nhk.or.jp/common/img/media/r1-200x200.png
2020-12-12 12:55:00+09:00,2020-12-12 13:00:03+09:00,0 days 00:05:03,安心ラジオ「ひきこもり死の実態と支援のあり方は」,r1,ＮＨＫラジオ第1,//www.nhk.or.jp/common/img/media/r1-200x200.png
2020-12-12 13:05:00+09:00,2020-12-12 13:55:00+09:00,0 days 00:50:00,らじるセレクト「あけまして！発掘！ラジオアーカイブス」（前編）,r1,ＮＨＫラジオ第1,//www.nhk.or.jp/common/img/media/r1-200x200.png
2020-12-12 14:05:00+09:00,2020-12-12 14:55:00+09:00,0 days 00:50:00,大竹しのぶの“スピーカーズコーナー”「＃４－１」,r1,ＮＨＫラジオ第1,//www.nhk.or.jp/common/img/media/r1-200x200.png
2020-12-12 15:05:00+09:00,2020-12-12 15:55:00+09:00,0 days 00:50:00,大竹しのぶの“スピーカーズコーナー”「＃４－２」,r1,ＮＨＫラジオ第1,//www.nhk.or.jp/common/img/media/r1-200x200.png
2020-12-12 16:05:00+09:00,2020-12-12 16:55:00+09:00,0 days 00:50:00,ヤバイラジオ屋さん__ジャルジャルをゲストに迎えた第４回も大盛り上がり！,r1,ＮＨＫラジオ第1,//www.nhk.or.jp/common/img/media/r1-200x200.png
2020-12-12 17:05:00+09:00,2020-12-12 17:55:00+09:00,0 days 00:50:00,ちきゅうラジオ__１２／１２・１７時,r1,ＮＨＫラジオ第1,//www.nhk.or.jp/common/img/media/r1-200x200.png
2020-12-12 18:05:00+09:00,2020-12-12 18:50:00+09:00,0 days 00:45:00,ちきゅうラジオ__１２／１２・１８時,r1,ＮＨＫラジオ第1,//www.nhk.or.jp/common/img/media/r1-200x200.png
2020-12-12 19:00:03+09:00,2020-12-12 19:15:00+09:00,0 days 00:14:57,ＮＨＫきょうのニュース,r1,ＮＨＫラジオ第1,//www.nhk.or.jp/common/img/media/r1-200x200.png
2020-12-12 19:20:00+09:00,2020-12-12 19:45:00+09:00,0 days 00:25:00,上方演芸会__学天即／海原はるか・かなた,r1,ＮＨＫラジオ第1,//www.nhk.or.jp/common/img/media/r1-200x200.png
2020-12-12 19:45:00+09:00,2020-12-12 19:50:00+09:00,0 days 00:05:00,安心ラジオ「コロナ禍の遺児の現状は」,r1,ＮＨＫラジオ第1,//www.nhk.or.jp/common/img/media/r1-200x200.png
2020-12-12 20:05:00+09:00,2020-12-12 20:55:00+09:00,0 days 00:50:00,らじらー！_サタデー_八乙女光・伊野尾慧（Ｈｅｙ！Ｓａｙ！ＪＵＭＰ）,r1,ＮＨＫラジオ第1,//www.nhk.or.jp/common/img/media/r1-200x200.png
2020-12-12 21:05:00+09:00,2020-12-12 21:55:00+09:00,0 days 00:50:00,らじらー！_サタデー_浜中文一、正門良規（Ａぇ！ｇｒｏｕｐ）,r1,ＮＨＫラジオ第1,//www.nhk.or.jp/common/img/media/r1-200x200.png
2020-12-12 21:55:00+09:00,2020-12-12 22:00:03+09:00,0 days 00:05:03,ニュース・天気予報・海上気象・交通情報,r1,ＮＨＫラジオ第1,//www.nhk.or.jp/common/img/media/r1-200x200.png
2020-12-12 22:05:00+09:00,2020-12-12 22:55:00+09:00,0 days 00:50:00,らじらー！_サタデー_川島如恵留・吉澤閑也（Ｔｒａｖｉｓ_Ｊａｐａｎ）,r1,ＮＨＫラジオ第1,//www.nhk.or.jp/common/img/media/r1-200x200.png
2020-12-12 23:05:00+09:00,2020-12-13 00:00:03+09:00,0 days 00:55:03,ラジオ深夜便_深夜便ビギナーズ_前半,r1,ＮＨＫラジオ第1,//www.nhk.or.jp/common/img/media/r1-200x200.png
2020-12-13 00:10:00+09:00,2020-12-13 01:00:03+09:00,0 days 00:50:03,ラジオ深夜便_深夜便ビギナーズ_後半,r1,ＮＨＫラジオ第1,//www.nhk.or.jp/common/img/media/r1-200x200.png
2020-12-13 01:05:00+09:00,2020-12-13 02:00:03+09:00,0 days 00:55:03,ラジオ深夜便_話芸１００選～講談,r1,ＮＨＫラジオ第1,//www.nhk.or.jp/common/img/media/r1-200x200.png
2020-12-13 02:05:00+09:00,2020-12-13 03:00:03+09:00,0 days 00:55:03,ラジオ深夜便_ロマンチックコンサート,r1,ＮＨＫラジオ第1,//www.nhk.or.jp/common/img/media/r1-200x200.png
2020-12-13 03:05:00+09:00,2020-12-13 04:00:03+09:00,0 days 00:55:03,ラジオ深夜便_にっぽんの歌こころの歌,r1,ＮＨＫラジオ第1,//www.nhk.or.jp/common/img/media/r1-200x200.png
2020-12-13 04:05:00+09:00,2020-12-13 05:00:03+09:00,0 days 00:55:03,ラジオ深夜便_明日へのことば,r1,ＮＨＫラジオ第1,//www.nhk.or.jp/common/img/media/r1-200x200.png
2020-12-12 06:00:03+09:00,2020-12-12 07:00:03+09:00,0 days 01:00:00,文化講演会「筒井順慶と明智光秀」,r2,ＮＨＫラジオ第2,//www.nhk.or.jp/common/img/media/r2-200x200.png
2020-12-12 07:00:03+09:00,2020-12-12 07:10:00+09:00,0 days 00:09:57,英会話タイムトライアル「１２月ＤＡＹ６」,r2,ＮＨＫラジオ第2,//www.nhk.or.jp/common/img/media/r2-200x200.png
2020-12-12 07:10:00+09:00,2020-12-12 07:20:00+09:00,0 days 00:10:00,英会話タイムトライアル「１２月ＤＡＹ７」,r2,ＮＨＫラジオ第2,//www.nhk.or.jp/common/img/media/r2-200x200.png
2020-12-12 07:20:00+09:00,2020-12-12 07:30:00+09:00,0 days 00:10:00,英会話タイムトライアル「１２月ＤＡＹ８」,r2,ＮＨＫラジオ第2,//www.nhk.or.jp/common/img/media/r2-200x200.png
2020-12-12 07:30:00+09:00,2020-12-12 07:40:00+09:00,0 days 00:10:00,英会話タイムトライアル「１２月ＤＡＹ９」,r2,ＮＨＫラジオ第2,//www.nhk.or.jp/common/img/media/r2-200x200.png
2020-12-12 07:40:00+09:00,2020-12-12 07:50:00+09:00,0 days 00:10:00,英会話タイムトライアル「１２月ＤＡＹ１０」,r2,ＮＨＫラジオ第2,//www.nhk.or.jp/common/img/media/r2-200x200.png
2020-12-12 07:50:00+09:00,2020-12-12 08:05:00+09:00,0 days 00:15:00,遠山顕の英会話楽習「１２月Ｄｉａｌｏｇ３」,r2,ＮＨＫラジオ第2,//www.nhk.or.jp/common/img/media/r2-200x200.png
2020-12-12 08:05:00+09:00,2020-12-12 08:20:00+09:00,0 days 00:15:00,遠山顕の英会話楽習「１２月Ｄｉａｌｏｇ４」,r2,ＮＨＫラジオ第2,//www.nhk.or.jp/common/img/media/r2-200x200.png
2020-12-12 08:20:00+09:00,2020-12-12 08:35:00+09:00,0 days 00:15:00,遠山顕の英会話楽習「１２月Ｒｅｖｉｅｗ３・４」,r2,ＮＨＫラジオ第2,//www.nhk.or.jp/common/img/media/r2-200x200.png
2020-12-12 08:35:00+09:00,2020-12-12 08:40:00+09:00,0 days 00:05:00,みんなのうた「キミの笑顔」「１００年時代」,r2,ＮＨＫラジオ第2,//www.nhk.or.jp/common/img/media/r2-200x200.png
2020-12-12 08:50:00+09:00,2020-12-12 09:05:00+09:00,0 days 00:15:00,ポルトガル語ステップアップ_音楽とパーティーの街_リオデジャネイロ（９）,r2,ＮＨＫラジオ第2,//www.nhk.or.jp/common/img/media/r2-200x200.png
2020-12-12 09:05:00+09:00,2020-12-12 09:10:00+09:00,0 days 00:05:00,エンジョイ・シンプル・イングリッシュ「備中松山城」,r2,ＮＨＫラジオ第2,//www.nhk.or.jp/common/img/media/r2-200x200.png
2020-12-12 09:10:00+09:00,2020-12-12 09:15:00+09:00,0 days 00:05:00,エンジョイ・シンプル・イングリッシュ「金の卵を産むがちょう」,r2,ＮＨＫラジオ第2,//www.nhk.or.jp/common/img/media/r2-200x200.png
2020-12-12 09:15:00+09:00,2020-12-12 09:20:00+09:00,0 days 00:05:00,エンジョイ・シンプル・イングリッシュ「模様替え」,r2,ＮＨＫラジオ第2,//www.nhk.or.jp/common/img/media/r2-200x200.png
2020-12-12 09:20:00+09:00,2020-12-12 09:25:00+09:00,0 days 00:05:00,エンジョイ・シンプル・イングリッシュ「あたま山」,r2,ＮＨＫラジオ第2,//www.nhk.or.jp/common/img/media/r2-200x200.png
2020-12-12 09:25:00+09:00,2020-12-12 09:30:00+09:00,0 days 00:05:00,エンジョイ・シンプル・イングリッシュ「檸檬（れもん）／第２話」,r2,ＮＨＫラジオ第2,//www.nhk.or.jp/common/img/media/r2-200x200.png
2020-12-12 09:30:00+09:00,2020-12-12 10:00:03+09:00,0 days 00:30:03,音で訪ねる_ニッポン時空旅「白川郷の大家族」,r2,ＮＨＫラジオ第2,//www.nhk.or.jp/common/img/media/r2-200x200.png
2020-12-12 10:00:03+09:00,2020-12-12 10:30:00+09:00,0 days 00:29:57,カルチャーラジオ_漢詩をよむ「信_ゆるぎない絆」（３４）,r2,ＮＨＫラジオ第2,//www.nhk.or.jp/common/img/media/r2-200x200.png
2020-12-12 10:30:00+09:00,2020-12-12 10:45:00+09:00,0 days 00:15:00,入門ビジネス英語（１９）,r2,ＮＨＫラジオ第2,//www.nhk.or.jp/common/img/media/r2-200x200.png
2020-12-12 10:45:00+09:00,2020-12-12 11:00:03+09:00,0 days 00:15:03,入門ビジネス英語（２０）,r2,ＮＨＫラジオ第2,//www.nhk.or.jp/common/img/media/r2-200x200.png
2020-12-12 11:00:03+09:00,2020-12-12 11:15:00+09:00,0 days 00:14:57,実践ビジネス英語_Ｌｅｓｓｏｎ１５「中年の危機」（４）,r2,ＮＨＫラジオ第2,//www.nhk.or.jp/common/img/media/r2-200x200.png
2020-12-12 11:15:00+09:00,2020-12-12 11:30:00+09:00,0 days 00:15:00,実践ビジネス英語_Ｌｅｓｓｏｎ１５「中年の危機」（５）,r2,ＮＨＫラジオ第2,//www.nhk.or.jp/common/img/media/r2-200x200.png
2020-12-12 11:30:00+09:00,2020-12-12 11:45:00+09:00,0 days 00:15:00,実践ビジネス英語_Ｌｅｓｓｏｎ１５「中年の危機」（６）,r2,ＮＨＫラジオ第2,//www.nhk.or.jp/common/img/media/r2-200x200.png
2020-12-12 11:45:00+09:00,2020-12-12 11:55:00+09:00,0 days 00:10:00,名曲スケッチ「パリ交響曲」_「パヴァーヌ」,r2,ＮＨＫラジオ第2,//www.nhk.or.jp/common/img/media/r2-200x200.png
2020-12-12 11:55:00+09:00,2020-12-12 12:00:03+09:00,0 days 00:05:03,みんなのうた「ぼくはおもちゃ」「愛ｗ君（アイダブリュー）」,r2,ＮＨＫラジオ第2,//www.nhk.or.jp/common/img/media/r2-200x200.png
2020-12-12 12:10:00+09:00,2020-12-12 12:15:00+09:00,0 days 00:05:00,音の風景「紙漉（す）き～高知～」,r2,ＮＨＫラジオ第2,//www.nhk.or.jp/common/img/media/r2-200x200.png
2020-12-12 12:15:00+09:00,2020-12-12 12:20:00+09:00,0 days 00:05:00,ボキャブライダー（７６０）,r2,ＮＨＫラジオ第2,//www.nhk.or.jp/common/img/media/r2-200x200.png
2020-12-12 12:20:00+09:00,2020-12-12 12:25:00+09:00,0 days 00:05:00,ボキャブライダー（７６１）,r2,ＮＨＫラジオ第2,//www.nhk.or.jp/common/img/media/r2-200x200.png
2020-12-12 12:25:00+09:00,2020-12-12 12:30:00+09:00,0 days 00:05:00,ボキャブライダー（７６２）,r2,ＮＨＫラジオ第2,//www.nhk.or.jp/common/img/media/r2-200x200.png
2020-12-12 12:30:00+09:00,2020-12-12 12:35:00+09:00,0 days 00:05:00,ボキャブライダー（７６３）,r2,ＮＨＫラジオ第2,//www.nhk.or.jp/common/img/media/r2-200x200.png
2020-12-12 12:35:00+09:00,2020-12-12 12:40:00+09:00,0 days 00:05:00,ボキャブライダー（７６４）,r2,ＮＨＫラジオ第2,//www.nhk.or.jp/common/img/media/r2-200x200.png
2020-12-12 12:40:00+09:00,2020-12-12 12:55:00+09:00,0 days 00:15:00,高校生からはじめる「現代英語」「Ｌｅｓｓｏｎ２２_Ｐａｒｔ１」,r2,ＮＨＫラジオ第2,//www.nhk.or.jp/common/img/media/r2-200x200.png
2020-12-12 12:55:00+09:00,2020-12-12 13:00:03+09:00,0 days 00:05:03,名曲の小箱「安里屋ユンタ」,r2,ＮＨＫラジオ第2,//www.nhk.or.jp/common/img/media/r2-200x200.png
2020-12-12 13:00:03+09:00,2020-12-12 13:10:00+09:00,0 days 00:09:57,中国語ニュース,r2,ＮＨＫラジオ第2,//www.nhk.or.jp/common/img/media/r2-200x200.png
2020-12-12 13:10:00+09:00,2020-12-12 13:25:00+09:00,0 days 00:15:00,中国語“日本ジャーナル”__ＷＹＣ_ゴミ対策の最前線,r2,ＮＨＫラジオ第2,//www.nhk.or.jp/common/img/media/r2-200x200.png
2020-12-12 13:25:00+09:00,2020-12-12 13:40:00+09:00,0 days 00:15:00,ハングル日本百科__ゴミ対策の最前線,r2,ＮＨＫラジオ第2,//www.nhk.or.jp/common/img/media/r2-200x200.png
2020-12-12 13:40:00+09:00,2020-12-12 13:50:00+09:00,0 days 00:10:00,ハングルニュース,r2,ＮＨＫラジオ第2,//www.nhk.or.jp/common/img/media/r2-200x200.png
2020-12-12 13:50:00+09:00,2020-12-12 14:00:03+09:00,0 days 00:10:03,スペイン語ニュース,r2,ＮＨＫラジオ第2,//www.nhk.or.jp/common/img/media/r2-200x200.png
2020-12-12 14:00:03+09:00,2020-12-12 14:10:00+09:00,0 days 00:09:57,英語ニュース,r2,ＮＨＫラジオ第2,//www.nhk.or.jp/common/img/media/r2-200x200.png
2020-12-12 14:10:00+09:00,2020-12-12 14:20:00+09:00,0 days 00:10:00,基礎英語０（１００）,r2,ＮＨＫラジオ第2,//www.nhk.or.jp/common/img/media/r2-200x200.png
2020-12-12 14:20:00+09:00,2020-12-12 14:30:00+09:00,0 days 00:10:00,基礎英語０（１０１）,r2,ＮＨＫラジオ第2,//www.nhk.or.jp/common/img/media/r2-200x200.png
2020-12-12 14:30:00+09:00,2020-12-12 14:40:00+09:00,0 days 00:10:00,基礎英語０（１０２）,r2,ＮＨＫラジオ第2,//www.nhk.or.jp/common/img/media/r2-200x200.png
2020-12-12 14:55:00+09:00,2020-12-12 15:00:03+09:00,0 days 00:05:03,音の風景「世界を巡る旅_サンパウロ近郊の夜明け～ブラジル～」,r2,ＮＨＫラジオ第2,//www.nhk.or.jp/common/img/media/r2-200x200.png
2020-12-12 15:10:00+09:00,2020-12-12 15:15:00+09:00,0 days 00:05:00,みんなのうた「エトはメリーゴーランド」「見えない羽根」,r2,ＮＨＫラジオ第2,//www.nhk.or.jp/common/img/media/r2-200x200.png
2020-12-12 15:15:00+09:00,2020-12-12 15:45:00+09:00,0 days 00:30:00,私の日本語辞典「ことばでたどる化粧の文化」（２）,r2,ＮＨＫラジオ第2,//www.nhk.or.jp/common/img/media/r2-200x200.png
2020-12-12 15:45:00+09:00,2020-12-12 16:00:03+09:00,0 days 00:15:03,ことば力アップ_失敗から学んだ、ことば力アップの「ツボ」２_感想や意見を伝える,r2,ＮＨＫラジオ第2,//www.nhk.or.jp/common/img/media/r2-200x200.png
2020-12-12 16:00:03+09:00,2020-12-12 16:20:00+09:00,0 days 00:19:57,気象通報,r2,ＮＨＫラジオ第2,//www.nhk.or.jp/common/img/media/r2-200x200.png
2020-12-12 16:20:00+09:00,2020-12-12 16:25:00+09:00,0 days 00:05:00,音の風景「悪態まつり～茨城～」,r2,ＮＨＫラジオ第2,//www.nhk.or.jp/common/img/media/r2-200x200.png
2020-12-12 16:25:00+09:00,2020-12-12 16:30:00+09:00,0 days 00:05:00,みんなのうた「四つ角のメロディー」「地球はみんなの大合唱」,r2,ＮＨＫラジオ第2,//www.nhk.or.jp/common/img/media/r2-200x200.png
2020-12-12 16:45:00+09:00,2020-12-12 17:00:03+09:00,0 days 00:15:03,高校生からはじめる「現代英語」「Ｌｅｓｓｏｎ２２_Ｐａｒｔ２」,r2,ＮＨＫラジオ第2,//www.nhk.or.jp/common/img/media/r2-200x200.png
2020-12-12 17:00:03+09:00,2020-12-12 17:45:00+09:00,0 days 00:44:57,古典講読「王朝日記の世界」（３３）,r2,ＮＨＫラジオ第2,//www.nhk.or.jp/common/img/media/r2-200x200.png
2020-12-12 17:45:00+09:00,2020-12-12 18:00:03+09:00,0 days 00:15:03,ステップアップ中国語_共に生きる“くらし”の会話（１９）,r2,ＮＨＫラジオ第2,//www.nhk.or.jp/common/img/media/r2-200x200.png
2020-12-12 18:00:03+09:00,2020-12-12 18:40:00+09:00,0 days 00:39:57,こころをよむ_シネマレッスン_主人公が教えてくれること「自由を求めて」,r2,ＮＨＫラジオ第2,//www.nhk.or.jp/common/img/media/r2-200x200.png
2020-12-12 18:40:00+09:00,2020-12-12 18:45:00+09:00,0 days 00:05:00,みんなのうた「ゴリラの目ん玉」「よろしく」,r2,ＮＨＫラジオ第2,//www.nhk.or.jp/common/img/media/r2-200x200.png
2020-12-12 18:45:00+09:00,2020-12-12 19:00:03+09:00,0 days 00:15:03,ポルトガル語ステップアップ_音楽とパーティーの街_リオデジャネイロ（１０）,r2,ＮＨＫラジオ第2,//www.nhk.or.jp/common/img/media/r2-200x200.png
2020-12-12 19:00:03+09:00,2020-12-12 19:25:00+09:00,0 days 00:24:57,社会福祉セミナー_社会福祉援助（ソーシャルワーク）の基本,r2,ＮＨＫラジオ第2,//www.nhk.or.jp/common/img/media/r2-200x200.png
2020-12-12 19:25:00+09:00,2020-12-12 19:30:00+09:00,0 days 00:05:00,音の風景「世界を巡る旅_ロシア正教会～ロシア～」,r2,ＮＨＫラジオ第2,//www.nhk.or.jp/common/img/media/r2-200x200.png
2020-12-12 19:30:00+09:00,2020-12-12 19:50:00+09:00,0 days 00:20:00,ＮＨＫ高校講座_古典「源氏物語（６）明石の君と姫君」,r2,ＮＨＫラジオ第2,//www.nhk.or.jp/common/img/media/r2-200x200.png
2020-12-12 19:50:00+09:00,2020-12-12 20:10:00+09:00,0 days 00:20:00,ＮＨＫ高校講座_政治・経済「社会保障と福祉」,r2,ＮＨＫラジオ第2,//www.nhk.or.jp/common/img/media/r2-200x200.png
2020-12-12 20:10:00+09:00,2020-12-12 20:30:00+09:00,0 days 00:20:00,ＮＨＫ高校講座_国語総合「沖縄の手記から」（２）,r2,ＮＨＫラジオ第2,//www.nhk.or.jp/common/img/media/r2-200x200.png
2020-12-12 20:30:00+09:00,2020-12-12 21:00:03+09:00,0 days 00:30:03,カルチャーラジオ_漢詩をよむ「信_ゆるぎない絆」（３５）,r2,ＮＨＫラジオ第2,//www.nhk.or.jp/common/img/media/r2-200x200.png
2020-12-12 21:45:00+09:00,2020-12-12 22:00:03+09:00,0 days 00:15:03,朗読_三四郎（４１）,r2,ＮＨＫラジオ第2,//www.nhk.or.jp/common/img/media/r2-200x200.png
2020-12-12 22:00:03+09:00,2020-12-12 22:15:00+09:00,0 days 00:14:57,朗読_三四郎（４２）,r2,ＮＨＫラジオ第2,//www.nhk.or.jp/common/img/media/r2-200x200.png
2020-12-12 22:15:00+09:00,2020-12-12 22:30:00+09:00,0 days 00:15:00,朗読_三四郎（４３）,r2,ＮＨＫラジオ第2,//www.nhk.or.jp/common/img/media/r2-200x200.png
2020-12-12 22:30:00+09:00,2020-12-12 22:45:00+09:00,0 days 00:15:00,朗読_三四郎（４４）,r2,ＮＨＫラジオ第2,//www.nhk.or.jp/common/img/media/r2-200x200.png
2020-12-12 22:45:00+09:00,2020-12-12 23:00:03+09:00,0 days 00:15:03,朗読_三四郎（４５）,r2,ＮＨＫラジオ第2,//www.nhk.or.jp/common/img/media/r2-200x200.png
2020-12-12 23:00:03+09:00,2020-12-12 23:10:00+09:00,0 days 00:09:57,ポルトガル語ニュース,r2,ＮＨＫラジオ第2,//www.nhk.or.jp/common/img/media/r2-200x200.png
2020-12-12 23:10:00+09:00,2020-12-12 23:15:00+09:00,0 days 00:05:00,世界へ発信！ニュースで英語術_＃１５６_エベレストの中腹に柔道場完成,r2,ＮＨＫラジオ第2,//www.nhk.or.jp/common/img/media/r2-200x200.png
2020-12-12 23:15:00+09:00,2020-12-12 23:20:00+09:00,0 days 00:05:00,世界へ発信！ニュースで英語術_＃１５７_サンタクロースがＮＨＫにメッセージ,r2,ＮＨＫラジオ第2,//www.nhk.or.jp/common/img/media/r2-200x200.png
2020-12-12 23:20:00+09:00,2020-12-12 23:25:00+09:00,0 days 00:05:00,世界へ発信！ニュースで英語術_＃１５８_コロナの“抗体”_半年後も持続,r2,ＮＨＫラジオ第2,//www.nhk.or.jp/common/img/media/r2-200x200.png
2020-12-12 23:25:00+09:00,2020-12-12 23:30:00+09:00,0 days 00:05:00,世界へ発信！ニュースで英語術_＃１５９_マラドーナ氏に最後のお別れ,r2,ＮＨＫラジオ第2,//www.nhk.or.jp/common/img/media/r2-200x200.png
2020-12-12 23:30:00+09:00,2020-12-12 23:35:00+09:00,0 days 00:05:00,世界へ発信！ニュースで英語術_＃１６０_イスラエルとＵＡＥ間に初の定期便,r2,ＮＨＫラジオ第2,//www.nhk.or.jp/common/img/media/r2-200x200.png
2020-12-12 23:35:00+09:00,2020-12-12 23:40:00+09:00,0 days 00:05:00,みんなのうた「ゆらんゆろん」「雪祭り」,r2,ＮＨＫラジオ第2,//www.nhk.or.jp/common/img/media/r2-200x200.png
2020-12-12 23:40:00+09:00,2020-12-13 00:00:03+09:00,0 days 00:20:03,ＮＨＫ高校講座_古典「方丈記（２）安元の大火」,r2,ＮＨＫラジオ第2,//www.nhk.or.jp/common/img/media/r2-200x200.png
2020-12-13 00:00:03+09:00,2020-12-13 00:20:00+09:00,0 days 00:19:57,ＮＨＫ高校講座_政治・経済「裁判所と司法」,r2,ＮＨＫラジオ第2,//www.nhk.or.jp/common/img/media/r2-200x200.png
2020-12-13 00:20:00+09:00,2020-12-13 00:40:05+09:00,0 days 00:20:05,ＮＨＫ高校講座_国語総合「五十歩百歩」,r2,ＮＨＫラジオ第2,//www.nhk.or.jp/common/img/media/r2-200x200.png
2020-12-12 05:00:03+09:00,2020-12-12 05:50:00+09:00,0 days 00:49:57,カブキ・チューン__ゲスト：神田伯山（講談師）,r3,ＮＨＫＦＭ,//www.nhk.or.jp/common/img/media/fm-200x200.png
2020-12-12 05:50:00+09:00,2020-12-12 05:55:00+09:00,0 days 00:05:00,名曲の小箱「鳥の歌」,r3,ＮＨＫＦＭ,//www.nhk.or.jp/common/img/media/fm-200x200.png
2020-12-12 06:00:03+09:00,2020-12-12 06:55:00+09:00,0 days 00:54:57,ビバ！合唱_世界の名合唱団__グレクス・ヴォカリス,r3,ＮＨＫＦＭ,//www.nhk.or.jp/common/img/media/fm-200x200.png
2020-12-12 07:20:00+09:00,2020-12-12 09:00:03+09:00,0 days 01:40:03,ウィークエンドサンシャイン,r3,ＮＨＫＦＭ,//www.nhk.or.jp/common/img/media/fm-200x200.png
2020-12-12 09:00:03+09:00,2020-12-12 10:55:00+09:00,0 days 01:54:57,世界の快適音楽セレクション__運の音楽,r3,ＮＨＫＦＭ,//www.nhk.or.jp/common/img/media/fm-200x200.png
2020-12-12 11:00:03+09:00,2020-12-12 11:50:00+09:00,0 days 00:49:57,邦楽百番_選_長唄「二人椀久」「岸の柳」,r3,ＮＨＫＦＭ,//www.nhk.or.jp/common/img/media/fm-200x200.png
2020-12-12 12:30:00+09:00,2020-12-12 14:00:03+09:00,0 days 01:30:03,歌謡スクランブル__中森明菜作品集,r3,ＮＨＫＦＭ,//www.nhk.or.jp/common/img/media/fm-200x200.png
2020-12-12 14:00:03+09:00,2020-12-12 16:00:03+09:00,0 days 02:00:00,アニソン・アカデミー__第３５４回,r3,ＮＨＫＦＭ,//www.nhk.or.jp/common/img/media/fm-200x200.png
2020-12-12 16:00:03+09:00,2020-12-12 18:00:03+09:00,0 days 02:00:00,ラジオマンジャック__役者,r3,ＮＨＫＦＭ,//www.nhk.or.jp/common/img/media/fm-200x200.png
2020-12-12 18:00:03+09:00,2020-12-12 18:50:00+09:00,0 days 00:49:57,ザ・ソウルミュージックⅡ_久保田利伸のＰｅａｃｅ_＆_Ｓｏｕｌ,r3,ＮＨＫＦＭ,//www.nhk.or.jp/common/img/media/fm-200x200.png
2020-12-12 19:20:00+09:00,2020-12-12 21:00:03+09:00,0 days 01:40:03,Ｎ響_ザ・レジェンド__職人指揮者によるベートーベン,r3,ＮＨＫＦＭ,//www.nhk.or.jp/common/img/media/fm-200x200.png
2020-12-12 21:00:03+09:00,2020-12-12 22:00:03+09:00,0 days 01:00:00,クラシックの迷宮__ベートーベンとルドルフ大公～ベートーベン_生誕２５０年～,r3,ＮＨＫＦＭ,//www.nhk.or.jp/common/img/media/fm-200x200.png
2020-12-12 22:00:03+09:00,2020-12-12 22:50:00+09:00,0 days 00:49:57,ＦＭシアター「指の記憶」,r3,ＮＨＫＦＭ,//www.nhk.or.jp/common/img/media/fm-200x200.png
2020-12-12 22:50:00+09:00,2020-12-12 23:00:03+09:00,0 days 00:10:03,名曲スケッチ「“こうもり”のカドリール」,r3,ＮＨＫＦＭ,//www.nhk.or.jp/common/img/media/fm-200x200.png
2020-12-12 23:00:03+09:00,2020-12-13 01:00:03+09:00,0 days 02:00:00,ジャズ・トゥナイト__第２回ジャズ紅白,r3,ＮＨＫＦＭ,//www.nhk.or.jp/common/img/media/fm-200x200.png
